/000_Books/index.{html} /000_Books/
/notes/000-Index/index.{html} /notes/000-Index/
/notes/000_Podcasts/index.{html} /notes/000_Podcasts/
/notes/00_Crypto/index.{html} /notes/00_Crypto/
/0002-Personal-Finance-and-Investing/index.{html} /0002-Personal-Finance-and-Investing/
/index.html /
/notes/0000-Random-topics-directory/index.{html} /notes/0000-Random-topics-directory/
/notes/0001-Work/index.{html} /notes/0001-Work/
/notes/000_Entertainment/index.{html} /notes/000_Entertainment/
/notes/000_Mental-model-collection/index.{html} /notes/000_Mental-model-collection/
/notes/000_Videos/index.{html} /notes/000_Videos/
/tags/setup/index.{html} /tags/setup/
/1_Climate-change-sustainability/index.{html} /1_Climate-change-sustainability/
/Authors/index.{html} /Authors/
